artist_id,confidence_score,http_status,label,last_checked_at,link_id,link_type,record_company_id,redirect_url,source_url,url,validation_status
,0.99,200,About,2026-07-25T04:54:16.087Z,rcl_85c9f4ad,about,rc_b9181116,https://www.lanewaymusic.com.au/about,https://www.lanewaymusic.com.au/,https://www.lanewaymusic.com.au/about,verified
,0.99,200,Artists,2026-07-25T04:54:16.212Z,rcl_d51e1223,artists,rc_b9181116,https://www.lanewaymusic.com.au/,https://www.lanewaymusic.com.au/,https://www.lanewaymusic.com.au/,verified
rca_01f22af2,0.99,200,About,2026-07-25T03:39:28.835Z,rcl_6632d407,about,rc_b9181116,https://www.lanewaymusic.com.au/about,https://www.lanewaymusic.com.au/fuzzrays,https://www.lanewaymusic.com.au/about,verified
rca_01f22af2,0.99,200,Artists,2026-07-25T03:39:28.964Z,rcl_6fd02bad,artists,rc_b9181116,https://www.lanewaymusic.com.au/,https://www.lanewaymusic.com.au/fuzzrays,https://www.lanewaymusic.com.au/,verified
rca_0443ced3,0.99,200,About,2026-07-25T03:57:37.618Z,rcl_4f4412c9,about,rc_b9181116,https://www.lanewaymusic.com.au/about,https://www.lanewaymusic.com.au/spencerpjones,https://www.lanewaymusic.com.au/about,verified
rca_0443ced3,0.99,200,Artists,2026-07-25T03:57:37.741Z,rcl_c66b4f97,artists,rc_b9181116,https://www.lanewaymusic.com.au/,https://www.lanewaymusic.com.au/spencerpjones,https://www.lanewaymusic.com.au/,verified
rca_09ede191,0.99,200,About,2026-07-25T04:08:10.011Z,rcl_b54d5b8f,about,rc_b9181116,https://www.lanewaymusic.com.au/about,https://www.lanewaymusic.com.au/virgin-soldiers,https://www.lanewaymusic.com.au/about,verified
rca_09ede191,0.99,200,Artists,2026-07-25T04:08:10.150Z,rcl_dbf05e95,artists,rc_b9181116,https://www.lanewaymusic.com.au/,https://www.lanewaymusic.com.au/virgin-soldiers,https://www.lanewaymusic.com.au/,verified
rca_132f9f23,0.99,200,About,2026-07-25T03:33:00.467Z,rcl_42181551,about,rc_b9181116,https://www.lanewaymusic.com.au/about,https://www.lanewaymusic.com.au/thechosenfew-deathwish,https://www.lanewaymusic.com.au/about,verified
rca_132f9f23,0.99,200,Artists,2026-07-25T03:33:00.615Z,rcl_7322fd1f,artists,rc_b9181116,https://www.lanewaymusic.com.au/,https://www.lanewaymusic.com.au/thechosenfew-deathwish,https://www.lanewaymusic.com.au/,verified
rca_1677cfec,0.99,200,About,2026-07-25T03:45:19.856Z,rcl_08d3a405,about,rc_b9181116,https://www.lanewaymusic.com.au/about,https://www.lanewaymusic.com.au/kerryntolhurst,https://www.lanewaymusic.com.au/about,verified
rca_1677cfec,0.99,200,Artists,2026-07-25T03:45:20.000Z,rcl_aade7d9b,artists,rc_b9181116,https://www.lanewaymusic.com.au/,https://www.lanewaymusic.com.au/kerryntolhurst,https://www.lanewaymusic.com.au/,verified
rca_1979d6e6,0.99,200,About,2026-07-25T03:44:45.732Z,rcl_46d77d7a,about,rc_b9181116,https://www.lanewaymusic.com.au/about,https://www.lanewaymusic.com.au/kerry-ian-mckenna,https://www.lanewaymusic.com.au/about,verified
rca_1979d6e6,0.99,200,Artists,2026-07-25T03:44:45.874Z,rcl_a1b5fe82,artists,rc_b9181116,https://www.lanewaymusic.com.au/,https://www.lanewaymusic.com.au/kerry-ian-mckenna,https://www.lanewaymusic.com.au/,verified
rca_1e3e2d2e,0.99,200,About,2026-07-25T03:50:17.126Z,rcl_6e35f624,about,rc_b9181116,https://www.lanewaymusic.com.au/about,https://www.lanewaymusic.com.au/patpowell,https://www.lanewaymusic.com.au/about,verified
rca_1e3e2d2e,0.99,200,Artists,2026-07-25T03:50:17.269Z,rcl_a88e2fec,artists,rc_b9181116,https://www.lanewaymusic.com.au/,https://www.lanewaymusic.com.au/patpowell,https://www.lanewaymusic.com.au/,verified
rca_1e86f0e4,0.99,200,About,2026-07-25T04:07:18.805Z,rcl_f6f3aada,about,rc_b9181116,https://www.lanewaymusic.com.au/about,https://www.lanewaymusic.com.au/ups-and-downs,https://www.lanewaymusic.com.au/about,verified
rca_1e86f0e4,0.99,200,Artists,2026-07-25T04:07:18.946Z,rcl_7bcbe462,artists,rc_b9181116,https://www.lanewaymusic.com.au/,https://www.lanewaymusic.com.au/ups-and-downs,https://www.lanewaymusic.com.au/,verified
rca_2563e4ca,0.99,200,About,2026-07-25T03:40:58.065Z,rcl_2dc5e1ee,about,rc_b9181116,https://www.lanewaymusic.com.au/about,https://www.lanewaymusic.com.au/hot-city-bump-band,https://www.lanewaymusic.com.au/about,verified
rca_2563e4ca,0.99,200,Artists,2026-07-25T03:40:58.212Z,rcl_811d1cde,artists,rc_b9181116,https://www.lanewaymusic.com.au/,https://www.lanewaymusic.com.au/hot-city-bump-band,https://www.lanewaymusic.com.au/,verified
rca_26e83b0c,0.99,200,About,2026-07-25T03:29:53.282Z,rcl_6fdcb2a4,about,rc_b9181116,https://www.lanewaymusic.com.au/about,https://www.lanewaymusic.com.au/billy-miller,https://www.lanewaymusic.com.au/about,verified
rca_26e83b0c,0.99,200,Artists,2026-07-25T03:29:53.431Z,rcl_9a70156c,artists,rc_b9181116,https://www.lanewaymusic.com.au/,https://www.lanewaymusic.com.au/billy-miller,https://www.lanewaymusic.com.au/,verified
rca_33bd6ddc,0.99,200,About,2026-07-25T03:48:35.335Z,rcl_a52f7f3a,about,rc_b9181116,https://www.lanewaymusic.com.au/about,https://www.lanewaymusic.com.au/mark-williams,https://www.lanewaymusic.com.au/about,verified
rca_33bd6ddc,0.99,200,Artists,2026-07-25T03:48:35.476Z,rcl_86a05542,artists,rc_b9181116,https://www.lanewaymusic.com.au/,https://www.lanewaymusic.com.au/mark-williams,https://www.lanewaymusic.com.au/,verified
rca_36d058c0,0.99,200,About,2026-07-25T03:42:31.379Z,rcl_410bf362,about,rc_b9181116,https://www.lanewaymusic.com.au/about,https://www.lanewaymusic.com.au/jimkelly-crossfire,https://www.lanewaymusic.com.au/about,verified
rca_36d058c0,0.99,200,Artists,2026-07-25T03:42:31.508Z,rcl_0010240a,artists,rc_b9181116,https://www.lanewaymusic.com.au/,https://www.lanewaymusic.com.au/jimkelly-crossfire,https://www.lanewaymusic.com.au/,verified
rca_371f6aa6,0.99,200,About,2026-07-25T03:36:31.367Z,rcl_4c73586a,about,rc_b9181116,https://www.lanewaymusic.com.au/about,https://www.lanewaymusic.com.au/deadlyhume,https://www.lanewaymusic.com.au/about,verified
rca_371f6aa6,0.99,200,Artists,2026-07-25T03:36:31.494Z,rcl_6725c4b2,artists,rc_b9181116,https://www.lanewaymusic.com.au/,https://www.lanewaymusic.com.au/deadlyhume,https://www.lanewaymusic.com.au/,verified
rca_47f3c3da,0.99,200,About,2026-07-25T03:38:03.077Z,rcl_b2dbc82a,about,rc_b9181116,https://www.lanewaymusic.com.au/about,https://www.lanewaymusic.com.au/dropbears,https://www.lanewaymusic.com.au/about,verified
rca_47f3c3da,0.99,200,Artists,2026-07-25T03:38:03.202Z,rcl_7bcdf672,artists,rc_b9181116,https://www.lanewaymusic.com.au/,https://www.lanewaymusic.com.au/dropbears,https://www.lanewaymusic.com.au/,verified
rca_4f6c2da8,0.99,200,About,2026-07-25T03:50:39.647Z,rcl_6331d5d3,about,rc_b9181116,https://www.lanewaymusic.com.au/about,https://www.lanewaymusic.com.au/petermoney,https://www.lanewaymusic.com.au/about,verified
rca_4f6c2da8,0.99,200,Artists,2026-07-25T03:50:39.791Z,rcl_c62d5aa1,artists,rc_b9181116,https://www.lanewaymusic.com.au/,https://www.lanewaymusic.com.au/petermoney,https://www.lanewaymusic.com.au/,verified
rca_53aede90,0.99,200,About,2026-07-25T03:33:51.015Z,rcl_49536ce1,about,rc_b9181116,https://www.lanewaymusic.com.au/about,https://www.lanewaymusic.com.au/chris-turner,https://www.lanewaymusic.com.au/about,verified
rca_53aede90,0.99,200,Artists,2026-07-25T03:33:51.140Z,rcl_103cc0ef,artists,rc_b9181116,https://www.lanewaymusic.com.au/,https://www.lanewaymusic.com.au/chris-turner,https://www.lanewaymusic.com.au/,verified
rca_557605fc,0.99,200,About,2026-07-25T03:33:24.371Z,rcl_740d6eca,about,rc_b9181116,https://www.lanewaymusic.com.au/about,https://www.lanewaymusic.com.au/chris-stockley,https://www.lanewaymusic.com.au/about,verified
rca_557605fc,0.99,200,Artists,2026-07-25T03:33:24.500Z,rcl_06121a92,artists,rc_b9181116,https://www.lanewaymusic.com.au/,https://www.lanewaymusic.com.au/chris-stockley,https://www.lanewaymusic.com.au/,verified
rca_5b2a35d7,0.99,200,About,2026-07-25T04:11:16.881Z,rcl_bee1b25e,about,rc_b9181116,https://www.lanewaymusic.com.au/about,https://www.lanewaymusic.com.au/zorros,https://www.lanewaymusic.com.au/about,verified
rca_5b2a35d7,0.99,200,Artists,2026-07-25T04:11:17.008Z,rcl_61b2b70e,artists,rc_b9181116,https://www.lanewaymusic.com.au/,https://www.lanewaymusic.com.au/zorros,https://www.lanewaymusic.com.au/,verified
rca_5ce31262,0.99,200,About,2026-07-25T03:32:36.077Z,rcl_aa77a436,about,rc_b9181116,https://www.lanewaymusic.com.au/about,https://www.lanewaymusic.com.au/charliemarshall-curiousminds,https://www.lanewaymusic.com.au/about,verified
rca_5ce31262,0.99,200,Artists,2026-07-25T03:32:36.222Z,rcl_87e6e0e6,artists,rc_b9181116,https://www.lanewaymusic.com.au/,https://www.lanewaymusic.com.au/charliemarshall-curiousminds,https://www.lanewaymusic.com.au/,verified
rca_5fe1f13f,0.99,200,About,2026-07-25T03:31:54.587Z,rcl_f1179640,about,rc_b9181116,https://www.lanewaymusic.com.au/about,https://www.lanewaymusic.com.au/chain,https://www.lanewaymusic.com.au/about,verified
rca_5fe1f13f,0.99,200,Artists,2026-07-25T03:31:54.725Z,rcl_8b42f240,artists,rc_b9181116,https://www.lanewaymusic.com.au/,https://www.lanewaymusic.com.au/chain,https://www.lanewaymusic.com.au/,verified
rca_62970ef1,0.99,200,About,2026-07-25T03:46:57.155Z,rcl_979983d7,about,rc_b9181116,https://www.lanewaymusic.com.au/about,https://www.lanewaymusic.com.au/little-heroes,https://www.lanewaymusic.com.au/about,verified
rca_62970ef1,0.99,200,Artists,2026-07-25T03:46:57.292Z,rcl_3b4e4f7d,artists,rc_b9181116,https://www.lanewaymusic.com.au/,https://www.lanewaymusic.com.au/little-heroes,https://www.lanewaymusic.com.au/,verified
rca_65232d13,0.99,200,About,2026-07-25T03:37:30.831Z,rcl_57592429,about,rc_b9181116,https://www.lanewaymusic.com.au/about,https://www.lanewaymusic.com.au/dollsquad,https://www.lanewaymusic.com.au/about,verified
rca_65232d13,0.99,200,Artists,2026-07-25T03:37:30.961Z,rcl_21b378f7,artists,rc_b9181116,https://www.lanewaymusic.com.au/,https://www.lanewaymusic.com.au/dollsquad,https://www.lanewaymusic.com.au/,verified
rca_6536cd57,0.99,200,About,2026-07-25T04:04:26.084Z,rcl_9912e206,about,rc_b9181116,https://www.lanewaymusic.com.au/about,https://www.lanewaymusic.com.au/stu-thomas,https://www.lanewaymusic.com.au/about,verified
rca_6536cd57,0.99,200,Artists,2026-07-25T04:04:26.210Z,rcl_8c3768f6,artists,rc_b9181116,https://www.lanewaymusic.com.au/,https://www.lanewaymusic.com.au/stu-thomas,https://www.lanewaymusic.com.au/,verified
rca_653de027,0.99,200,About,2026-07-25T03:35:59.415Z,rcl_65c3e0b1,about,rc_b9181116,https://www.lanewaymusic.com.au/about,https://www.lanewaymusic.com.au/damienlovelock,https://www.lanewaymusic.com.au/about,verified
rca_653de027,0.99,200,Artists,2026-07-25T03:35:59.542Z,rcl_db97957f,artists,rc_b9181116,https://www.lanewaymusic.com.au/,https://www.lanewaymusic.com.au/damienlovelock,https://www.lanewaymusic.com.au/,verified
rca_692ae78f,0.99,200,About,2026-07-25T03:38:39.551Z,rcl_5a9cadd7,about,rc_b9181116,https://www.lanewaymusic.com.au/about,https://www.lanewaymusic.com.au/ekkomusic,https://www.lanewaymusic.com.au/about,verified
rca_692ae78f,0.99,200,Artists,2026-07-25T03:38:39.674Z,rcl_50b38d7d,artists,rc_b9181116,https://www.lanewaymusic.com.au/,https://www.lanewaymusic.com.au/ekkomusic,https://www.lanewaymusic.com.au/,verified
rca_6c287f3b,0.99,200,About,2026-07-25T03:30:36.032Z,rcl_b71aa610,about,rc_b9181116,https://www.lanewaymusic.com.au/about,https://www.lanewaymusic.com.au/bittersweetkicks,https://www.lanewaymusic.com.au/about,verified
rca_6c287f3b,0.99,200,Artists,2026-07-25T03:30:36.163Z,rcl_22ca4650,artists,rc_b9181116,https://www.lanewaymusic.com.au/,https://www.lanewaymusic.com.au/bittersweetkicks,https://www.lanewaymusic.com.au/,verified
rca_709fd8c1,0.99,200,About,2026-07-25T03:45:42.131Z,rcl_87f83cd1,about,rc_b9181116,https://www.lanewaymusic.com.au/about,https://www.lanewaymusic.com.au/lafemme,https://www.lanewaymusic.com.au/about,verified
rca_709fd8c1,0.99,200,Artists,2026-07-25T03:45:42.258Z,rcl_bba3439f,artists,rc_b9181116,https://www.lanewaymusic.com.au/,https://www.lanewaymusic.com.au/lafemme,https://www.lanewaymusic.com.au/,verified
rca_7931959f,0.99,200,About,2026-07-25T03:44:07.531Z,rcl_2b9dfd3c,about,rc_b9181116,https://www.lanewaymusic.com.au/about,https://www.lanewaymusic.com.au/joshabrahams,https://www.lanewaymusic.com.au/about,verified
rca_7931959f,0.99,200,Artists,2026-07-25T03:44:07.676Z,rcl_34e0b024,artists,rc_b9181116,https://www.lanewaymusic.com.au/,https://www.lanewaymusic.com.au/joshabrahams,https://www.lanewaymusic.com.au/,verified
rca_7ad59425,0.99,200,About,2026-07-25T03:56:25.982Z,rcl_a7cba22e,about,rc_b9181116,https://www.lanewaymusic.com.au/about,https://www.lanewaymusic.com.au/shockpoets,https://www.lanewaymusic.com.au/about,verified
rca_7ad59425,0.99,200,Artists,2026-07-25T03:56:26.112Z,rcl_5af6dd1e,artists,rc_b9181116,https://www.lanewaymusic.com.au/,https://www.lanewaymusic.com.au/shockpoets,https://www.lanewaymusic.com.au/,verified
rca_7c9e721a,0.99,200,About,2026-07-25T04:10:35.768Z,rcl_2d4357ea,about,rc_b9181116,https://www.lanewaymusic.com.au/about,https://www.lanewaymusic.com.au/zimmerman,https://www.lanewaymusic.com.au/about,verified
rca_7c9e721a,0.99,200,Artists,2026-07-25T04:10:35.895Z,rcl_d4b69332,artists,rc_b9181116,https://www.lanewaymusic.com.au/,https://www.lanewaymusic.com.au/zimmerman,https://www.lanewaymusic.com.au/,verified
rca_7f5426e0,0.99,200,About,2026-07-25T03:48:54.756Z,rcl_66d8617c,about,rc_b9181116,https://www.lanewaymusic.com.au/about,https://www.lanewaymusic.com.au/matt-taylor,https://www.lanewaymusic.com.au/about,verified
rca_7f5426e0,0.99,200,Artists,2026-07-25T03:48:54.881Z,rcl_c9e7d464,artists,rc_b9181116,https://www.lanewaymusic.com.au/,https://www.lanewaymusic.com.au/matt-taylor,https://www.lanewaymusic.com.au/,verified
rca_82d9ac4a,0.99,200,About,2026-07-25T04:05:31.464Z,rcl_567f3d93,about,rc_b9181116,https://www.lanewaymusic.com.au/about,https://www.lanewaymusic.com.au/themarkofcain,https://www.lanewaymusic.com.au/about,verified
rca_82d9ac4a,0.99,200,Artists,2026-07-25T04:05:31.607Z,rcl_0056a861,artists,rc_b9181116,https://www.lanewaymusic.com.au/,https://www.lanewaymusic.com.au/themarkofcain,https://www.lanewaymusic.com.au/,verified
rca_8361f035,0.99,200,About,2026-07-25T03:35:12.495Z,rcl_c71ebc4b,about,rc_b9181116,https://www.lanewaymusic.com.au/about,https://www.lanewaymusic.com.au/christophermarshall,https://www.lanewaymusic.com.au/about,verified
rca_8361f035,0.99,200,Artists,2026-07-25T03:35:12.639Z,rcl_e005f6f9,artists,rc_b9181116,https://www.lanewaymusic.com.au/,https://www.lanewaymusic.com.au/christophermarshall,https://www.lanewaymusic.com.au/,verified
rca_843fc7f6,0.99,200,About,2026-07-25T04:06:57.996Z,rcl_7c7a8c36,about,rc_b9181116,https://www.lanewaymusic.com.au/about,https://www.lanewaymusic.com.au/uppercut,https://www.lanewaymusic.com.au/about,verified
rca_843fc7f6,0.99,200,Artists,2026-07-25T04:06:58.152Z,rcl_6f3698e6,artists,rc_b9181116,https://www.lanewaymusic.com.au/,https://www.lanewaymusic.com.au/uppercut,https://www.lanewaymusic.com.au/,verified
rca_85b9306e,0.99,200,About,2026-07-25T03:55:25.665Z,rcl_af3831bd,about,rc_b9181116,https://www.lanewaymusic.com.au/about,https://www.lanewaymusic.com.au/remora,https://www.lanewaymusic.com.au/about,verified
rca_85b9306e,0.99,200,Artists,2026-07-25T03:55:25.790Z,rcl_532fb473,artists,rc_b9181116,https://www.lanewaymusic.com.au/,https://www.lanewaymusic.com.au/remora,https://www.lanewaymusic.com.au/,verified
rca_9255b66a,0.99,200,About,2026-07-25T03:43:18.249Z,rcl_87af59b1,about,rc_b9181116,https://www.lanewaymusic.com.au/about,https://www.lanewaymusic.com.au/john-kennedy,https://www.lanewaymusic.com.au/about,verified
rca_9255b66a,0.99,200,Artists,2026-07-25T03:43:18.378Z,rcl_da75607f,artists,rc_b9181116,https://www.lanewaymusic.com.au/,https://www.lanewaymusic.com.au/john-kennedy,https://www.lanewaymusic.com.au/,verified
rca_992a163c,0.99,200,About,2026-07-25T03:31:20.149Z,rcl_c04bab67,about,rc_b9181116,https://www.lanewaymusic.com.au/about,https://www.lanewaymusic.com.au/cattletruck,https://www.lanewaymusic.com.au/about,verified
rca_992a163c,0.99,200,Artists,2026-07-25T03:31:20.295Z,rcl_5d624d0d,artists,rc_b9181116,https://www.lanewaymusic.com.au/,https://www.lanewaymusic.com.au/cattletruck,https://www.lanewaymusic.com.au/,verified
rca_a6c3e440,0.99,200,About,2026-07-25T03:49:36.187Z,rcl_9927288d,about,rc_b9181116,https://www.lanewaymusic.com.au/about,https://www.lanewaymusic.com.au/mothergoose,https://www.lanewaymusic.com.au/about,verified
rca_a6c3e440,0.99,200,Artists,2026-07-25T03:49:36.327Z,rcl_cc60fb03,artists,rc_b9181116,https://www.lanewaymusic.com.au/,https://www.lanewaymusic.com.au/mothergoose,https://www.lanewaymusic.com.au/,verified
rca_a6d02f89,0.99,200,About,2026-07-25T04:06:38.405Z,rcl_f983f6a9,about,rc_b9181116,https://www.lanewaymusic.com.au/about,https://www.lanewaymusic.com.au/toyswentberserk,https://www.lanewaymusic.com.au/about,verified
rca_a6d02f89,0.99,200,Artists,2026-07-25T04:06:38.530Z,rcl_1cfde077,artists,rc_b9181116,https://www.lanewaymusic.com.au/,https://www.lanewaymusic.com.au/toyswentberserk,https://www.lanewaymusic.com.au/,verified
rca_a8764227,0.99,200,About,2026-07-25T03:47:31.312Z,rcl_d85fc92c,about,rc_b9181116,https://www.lanewaymusic.com.au/about,https://www.lanewaymusic.com.au/little-murders,https://www.lanewaymusic.com.au/about,verified
rca_a8764227,0.99,200,Artists,2026-07-25T03:47:31.453Z,rcl_a423ba14,artists,rc_b9181116,https://www.lanewaymusic.com.au/,https://www.lanewaymusic.com.au/little-murders,https://www.lanewaymusic.com.au/,verified
rca_a8764227,0.99,200,Facebook,2026-07-25T03:47:34.060Z,rcl_e387f6ab,facebook,rc_b9181116,https://www.meta.com/en-gb/about?utm_source=about.facebook.com&utm_medium=redirect,https://www.lanewaymusic.com.au/little-murders,https://www.meta.com/en-gb/about?utm_source=about.facebook.com&utm_medium=redirect,verified
rca_ad51176e,0.99,200,About,2026-07-25T03:40:36.027Z,rcl_77f9b487,about,rc_b9181116,https://www.lanewaymusic.com.au/about,https://www.lanewaymusic.com.au/harrycarman,https://www.lanewaymusic.com.au/about,verified
rca_ad51176e,0.99,200,Artists,2026-07-25T03:40:36.170Z,rcl_2cd7fd2d,artists,rc_b9181116,https://www.lanewaymusic.com.au/,https://www.lanewaymusic.com.au/harrycarman,https://www.lanewaymusic.com.au/,verified
rca_aecd3cc1,0.99,200,About,2026-07-25T03:41:34.572Z,rcl_b129b116,about,rc_b9181116,https://www.lanewaymusic.com.au/about,https://www.lanewaymusic.com.au/jeff-duff,https://www.lanewaymusic.com.au/about,verified
rca_aecd3cc1,0.99,200,Artists,2026-07-25T03:41:34.701Z,rcl_a783e446,artists,rc_b9181116,https://www.lanewaymusic.com.au/,https://www.lanewaymusic.com.au/jeff-duff,https://www.lanewaymusic.com.au/,verified
rca_aefa3291,0.99,200,About,2026-07-25T03:56:45.896Z,rcl_0ad0be89,about,rc_b9181116,https://www.lanewaymusic.com.au/about,https://www.lanewaymusic.com.au/sideshowannie,https://www.lanewaymusic.com.au/about,verified
rca_aefa3291,0.99,200,Artists,2026-07-25T03:56:46.039Z,rcl_661e5b57,artists,rc_b9181116,https://www.lanewaymusic.com.au/,https://www.lanewaymusic.com.au/sideshowannie,https://www.lanewaymusic.com.au/,verified
rca_afdd6efa,0.99,200,About,2026-07-25T03:57:12.102Z,rcl_ea512b02,about,rc_b9181116,https://www.lanewaymusic.com.au/about,https://www.lanewaymusic.com.au/southboundsnakecharmers,https://www.lanewaymusic.com.au/about,verified
rca_afdd6efa,0.99,200,Artists,2026-07-25T03:57:12.230Z,rcl_c01d942a,artists,rc_b9181116,https://www.lanewaymusic.com.au/,https://www.lanewaymusic.com.au/southboundsnakecharmers,https://www.lanewaymusic.com.au/,verified
rca_b30b5e42,0.99,200,About,2026-07-25T04:04:50.050Z,rcl_c992b82c,about,rc_b9181116,https://www.lanewaymusic.com.au/about,https://www.lanewaymusic.com.au/the31st,https://www.lanewaymusic.com.au/about,verified
rca_b30b5e42,0.99,200,Artists,2026-07-25T04:04:50.180Z,rcl_a3382714,artists,rc_b9181116,https://www.lanewaymusic.com.au/,https://www.lanewaymusic.com.au/the31st,https://www.lanewaymusic.com.au/,verified
rca_b3746ae3,0.99,200,About,2026-07-25T03:37:02.591Z,rcl_51981ab0,about,rc_b9181116,https://www.lanewaymusic.com.au/about,https://www.lanewaymusic.com.au/degenerates,https://www.lanewaymusic.com.au/about,verified
rca_b3746ae3,0.99,200,Artists,2026-07-25T03:37:02.727Z,rcl_803eb370,artists,rc_b9181116,https://www.lanewaymusic.com.au/,https://www.lanewaymusic.com.au/degenerates,https://www.lanewaymusic.com.au/,verified
rca_b6b4b492,0.99,200,About,2026-07-25T03:46:03.792Z,rcl_af3c6a42,about,rc_b9181116,https://www.lanewaymusic.com.au/about,https://www.lanewaymusic.com.au/les-karski,https://www.lanewaymusic.com.au/about,verified
rca_b6b4b492,0.99,200,Artists,2026-07-25T03:46:03.935Z,rcl_9807776a,artists,rc_b9181116,https://www.lanewaymusic.com.au/,https://www.lanewaymusic.com.au/les-karski,https://www.lanewaymusic.com.au/,verified
rca_c151fb41,0.99,200,About,2026-07-25T03:48:13.750Z,rcl_5ba81304,about,rc_b9181116,https://www.lanewaymusic.com.au/about,https://www.lanewaymusic.com.au/madder-lake,https://www.lanewaymusic.com.au/about,verified
rca_c151fb41,0.99,200,Artists,2026-07-25T03:48:13.893Z,rcl_40bec74c,artists,rc_b9181116,https://www.lanewaymusic.com.au/,https://www.lanewaymusic.com.au/madder-lake,https://www.lanewaymusic.com.au/,verified
rca_c3961da1,0.99,200,About,2026-07-25T03:42:03.303Z,rcl_a3a9f937,about,rc_b9181116,https://www.lanewaymusic.com.au/about,https://www.lanewaymusic.com.au/jeff-st-john,https://www.lanewaymusic.com.au/about,verified
rca_c3961da1,0.99,200,Artists,2026-07-25T03:42:03.429Z,rcl_fd3e875d,artists,rc_b9181116,https://www.lanewaymusic.com.au/,https://www.lanewaymusic.com.au/jeff-st-john,https://www.lanewaymusic.com.au/,verified
rca_d57ce9c9,0.99,200,About,2026-07-25T04:06:06.186Z,rcl_c7766b96,about,rc_b9181116,https://www.lanewaymusic.com.au/about,https://www.lanewaymusic.com.au/therockwells,https://www.lanewaymusic.com.au/about,verified
rca_d57ce9c9,0.99,200,Artists,2026-07-25T04:06:06.328Z,rcl_3e1b03c6,artists,rc_b9181116,https://www.lanewaymusic.com.au/,https://www.lanewaymusic.com.au/therockwells,https://www.lanewaymusic.com.au/,verified
rca_e8248e08,0.99,200,About,2026-07-25T03:55:52.515Z,rcl_ea491571,about,rc_b9181116,https://www.lanewaymusic.com.au/about,https://www.lanewaymusic.com.au/sevenstories,https://www.lanewaymusic.com.au/about,verified
rca_e8248e08,0.99,200,Artists,2026-07-25T03:55:52.640Z,rcl_f02ea33f,artists,rc_b9181116,https://www.lanewaymusic.com.au/,https://www.lanewaymusic.com.au/sevenstories,https://www.lanewaymusic.com.au/,verified
rca_effd9d86,0.99,200,About,2026-07-25T03:30:15.946Z,rcl_cc3ba313,about,rc_b9181116,https://www.lanewaymusic.com.au/about,https://www.lanewaymusic.com.au/billyt,https://www.lanewaymusic.com.au/about,verified
rca_effd9d86,0.99,200,Artists,2026-07-25T03:30:16.092Z,rcl_f706e8e1,artists,rc_b9181116,https://www.lanewaymusic.com.au/,https://www.lanewaymusic.com.au/billyt,https://www.lanewaymusic.com.au/,verified
rca_f0860652,0.99,200,About,2026-07-25T03:29:01.319Z,rcl_5ef1e8ac,about,rc_b9181116,https://www.lanewaymusic.com.au/about,https://www.lanewaymusic.com.au/argus,https://www.lanewaymusic.com.au/about,verified
rca_f0860652,0.99,200,Artists,2026-07-25T03:29:01.489Z,rcl_df86e894,artists,rc_b9181116,https://www.lanewaymusic.com.au/,https://www.lanewaymusic.com.au/argus,https://www.lanewaymusic.com.au/,verified
rca_f3bd4eba,0.99,200,About,2026-07-25T03:32:17.542Z,rcl_ab93e01e,about,rc_b9181116,https://www.lanewaymusic.com.au/about,https://www.lanewaymusic.com.au/charliemarshall-bodyelectric,https://www.lanewaymusic.com.au/about,verified
rca_f3bd4eba,0.99,200,Artists,2026-07-25T03:32:17.687Z,rcl_81f03cce,artists,rc_b9181116,https://www.lanewaymusic.com.au/,https://www.lanewaymusic.com.au/charliemarshall-bodyelectric,https://www.lanewaymusic.com.au/,verified
rca_f956beb0,0.99,200,About,2026-07-25T03:47:55.132Z,rcl_eb62fbe4,about,rc_b9181116,https://www.lanewaymusic.com.au/about,https://www.lanewaymusic.com.au/lovechild,https://www.lanewaymusic.com.au/about,verified
rca_f956beb0,0.99,200,Artists,2026-07-25T03:47:55.272Z,rcl_d46a9eac,artists,rc_b9181116,https://www.lanewaymusic.com.au/,https://www.lanewaymusic.com.au/lovechild,https://www.lanewaymusic.com.au/,verified
rca_f9a1726f,0.99,200,About,2026-07-25T03:54:37.401Z,rcl_2056dbd3,about,rc_b9181116,https://www.lanewaymusic.com.au/about,https://www.lanewaymusic.com.au/pray-tv,https://www.lanewaymusic.com.au/about,verified
rca_f9a1726f,0.99,200,Artists,2026-07-25T03:54:37.537Z,rcl_03f2aca1,artists,rc_b9181116,https://www.lanewaymusic.com.au/,https://www.lanewaymusic.com.au/pray-tv,https://www.lanewaymusic.com.au/,verified
rca_fa034418,0.99,200,About,2026-07-25T03:46:26.653Z,rcl_6da4eee4,about,rc_b9181116,https://www.lanewaymusic.com.au/about,https://www.lanewaymusic.com.au/lime-spiders,https://www.lanewaymusic.com.au/about,verified
rca_fa034418,0.99,200,Artists,2026-07-25T03:46:26.780Z,rcl_254597ac,artists,rc_b9181116,https://www.lanewaymusic.com.au/,https://www.lanewaymusic.com.au/lime-spiders,https://www.lanewaymusic.com.au/,verified
