entityId,entityType,featured,label,png,svg,trackingUrl,verified
rc_b9181116,record_company,True,laneway-music,qr/record-company.png,qr/record-company.svg,https://deep-cuts.andrewharris501.workers.dev/record-company/q/rcq_978fbcca,True
rca_f0860652,artist,False,Argus,qr/argus.png,qr/argus.svg,https://deep-cuts.andrewharris501.workers.dev/record-company/q/rcq_54ea6ab1,True
rca_26e83b0c,artist,False,Billy Miller,qr/billy-miller.png,qr/billy-miller.svg,https://deep-cuts.andrewharris501.workers.dev/record-company/q/rcq_aa822441,True
rca_effd9d86,artist,False,Billy T,qr/billy-t.png,qr/billy-t.svg,https://deep-cuts.andrewharris501.workers.dev/record-company/q/rcq_e47df766,True
rca_6c287f3b,artist,False,Bitter Sweet Kicks,qr/bitter-sweet-kicks.png,qr/bitter-sweet-kicks.svg,https://deep-cuts.andrewharris501.workers.dev/record-company/q/rcq_71b868c5,True
rca_992a163c,artist,False,Cattletruck,qr/cattletruck.png,qr/cattletruck.svg,https://deep-cuts.andrewharris501.workers.dev/record-company/q/rcq_c2d40662,True
rca_5fe1f13f,artist,False,Chain,qr/chain.png,qr/chain.svg,https://deep-cuts.andrewharris501.workers.dev/record-company/q/rcq_fcc18389,True
rca_f3bd4eba,artist,False,Charlie Marshall / Body Electric,qr/charlie-marshall---body-electric.png,qr/charlie-marshall---body-electric.svg,https://deep-cuts.andrewharris501.workers.dev/record-company/q/rcq_3b7bca0b,True
rca_5ce31262,artist,False,Charlie Marshall / Curious Minds,qr/charlie-marshall---curious-minds.png,qr/charlie-marshall---curious-minds.svg,https://deep-cuts.andrewharris501.workers.dev/record-company/q/rcq_ccd619cf,True
rca_132f9f23,artist,False,Chosen Few/Deathwish,qr/chosen-few-deathwish.png,qr/chosen-few-deathwish.svg,https://deep-cuts.andrewharris501.workers.dev/record-company/q/rcq_a764b2cc,True
rca_557605fc,artist,False,Chris Stockley,qr/chris-stockley.png,qr/chris-stockley.svg,https://deep-cuts.andrewharris501.workers.dev/record-company/q/rcq_a642a81b,True
rca_53aede90,artist,False,Chris Turner,qr/chris-turner.png,qr/chris-turner.svg,https://deep-cuts.andrewharris501.workers.dev/record-company/q/rcq_03eca2b0,True
rca_8361f035,artist,False,Christopher Marshall,qr/christopher-marshall.png,qr/christopher-marshall.svg,https://deep-cuts.andrewharris501.workers.dev/record-company/q/rcq_25934f82,True
rca_653de027,artist,False,Damien Lovelock,qr/damien-lovelock.png,qr/damien-lovelock.svg,https://deep-cuts.andrewharris501.workers.dev/record-company/q/rcq_9a571058,True
rca_371f6aa6,artist,False,Deadly Hume,qr/deadly-hume.png,qr/deadly-hume.svg,https://deep-cuts.andrewharris501.workers.dev/record-company/q/rcq_12e747ef,True
rca_b3746ae3,artist,False,Degenerates,qr/degenerates.png,qr/degenerates.svg,https://deep-cuts.andrewharris501.workers.dev/record-company/q/rcq_877cd9d1,True
rca_65232d13,artist,False,DollSquad,qr/dollsquad.png,qr/dollsquad.svg,https://deep-cuts.andrewharris501.workers.dev/record-company/q/rcq_6562c594,True
rca_47f3c3da,artist,False,Dropbears,qr/dropbears.png,qr/dropbears.svg,https://deep-cuts.andrewharris501.workers.dev/record-company/q/rcq_3e97db4f,True
rca_692ae78f,artist,False,Ekko,qr/ekko.png,qr/ekko.svg,https://deep-cuts.andrewharris501.workers.dev/record-company/q/rcq_5de21de2,True
rca_01f22af2,artist,False,Fuzzrays,qr/fuzzrays.png,qr/fuzzrays.svg,https://deep-cuts.andrewharris501.workers.dev/record-company/q/rcq_54db39ca,True
rca_ad51176e,artist,False,Harry Carman,qr/harry-carman.png,qr/harry-carman.svg,https://deep-cuts.andrewharris501.workers.dev/record-company/q/rcq_8a58fb56,True
rca_2563e4ca,artist,False,Hot City Bump Band,qr/hot-city-bump-band.png,qr/hot-city-bump-band.svg,https://deep-cuts.andrewharris501.workers.dev/record-company/q/rcq_64511b23,True
rca_aecd3cc1,artist,False,Jeff Duff,qr/jeff-duff.png,qr/jeff-duff.svg,https://deep-cuts.andrewharris501.workers.dev/record-company/q/rcq_7524e98b,True
rca_c3961da1,artist,False,Jeff St John,qr/jeff-st-john.png,qr/jeff-st-john.svg,https://deep-cuts.andrewharris501.workers.dev/record-company/q/rcq_91fa4822,True
rca_36d058c0,artist,False,Jim Kelly/Crossfire,qr/jim-kelly-crossfire.png,qr/jim-kelly-crossfire.svg,https://deep-cuts.andrewharris501.workers.dev/record-company/q/rcq_230217af,True
rca_9255b66a,artist,False,John Kennedy,qr/john-kennedy.png,qr/john-kennedy.svg,https://deep-cuts.andrewharris501.workers.dev/record-company/q/rcq_7a0be514,True
rca_7931959f,artist,False,Josh Abrahams,qr/josh-abrahams.png,qr/josh-abrahams.svg,https://deep-cuts.andrewharris501.workers.dev/record-company/q/rcq_198da9a1,True
rca_1979d6e6,artist,False,Kerry Ian McKenna,qr/kerry-ian-mckenna.png,qr/kerry-ian-mckenna.svg,https://deep-cuts.andrewharris501.workers.dev/record-company/q/rcq_bfd76883,True
rca_1677cfec,artist,False,Kerryn Tolhurst,qr/kerryn-tolhurst.png,qr/kerryn-tolhurst.svg,https://deep-cuts.andrewharris501.workers.dev/record-company/q/rcq_97d21558,True
rca_709fd8c1,artist,False,La Femme,qr/la-femme.png,qr/la-femme.svg,https://deep-cuts.andrewharris501.workers.dev/record-company/q/rcq_ac56cd10,True
rca_b6b4b492,artist,False,Lez Karski,qr/lez-karski.png,qr/lez-karski.svg,https://deep-cuts.andrewharris501.workers.dev/record-company/q/rcq_b0ac119b,True
rca_fa034418,artist,False,Lime Spiders,qr/lime-spiders.png,qr/lime-spiders.svg,https://deep-cuts.andrewharris501.workers.dev/record-company/q/rcq_2e3f4929,True
rca_62970ef1,artist,False,Little Heroes,qr/little-heroes.png,qr/little-heroes.svg,https://deep-cuts.andrewharris501.workers.dev/record-company/q/rcq_e7ec236a,True
rca_a8764227,artist,False,Little Murders,qr/little-murders.png,qr/little-murders.svg,https://deep-cuts.andrewharris501.workers.dev/record-company/q/rcq_3b1e17b1,True
rca_f956beb0,artist,False,Love Child,qr/love-child.png,qr/love-child.svg,https://deep-cuts.andrewharris501.workers.dev/record-company/q/rcq_ca457581,True
rca_c151fb41,artist,False,Madder Lake,qr/madder-lake.png,qr/madder-lake.svg,https://deep-cuts.andrewharris501.workers.dev/record-company/q/rcq_3467b249,True
rca_33bd6ddc,artist,False,Mark Williams,qr/mark-williams.png,qr/mark-williams.svg,https://deep-cuts.andrewharris501.workers.dev/record-company/q/rcq_2ed7aadb,True
rca_7f5426e0,artist,False,Matt Taylor,qr/matt-taylor.png,qr/matt-taylor.svg,https://deep-cuts.andrewharris501.workers.dev/record-company/q/rcq_0f22dd05,True
rca_a6c3e440,artist,False,Mother Goose,qr/mother-goose.png,qr/mother-goose.svg,https://deep-cuts.andrewharris501.workers.dev/record-company/q/rcq_55217880,True
rca_1e3e2d2e,artist,False,Pat Powell,qr/pat-powell.png,qr/pat-powell.svg,https://deep-cuts.andrewharris501.workers.dev/record-company/q/rcq_c0651145,True
rca_4f6c2da8,artist,False,Peter Money,qr/peter-money.png,qr/peter-money.svg,https://deep-cuts.andrewharris501.workers.dev/record-company/q/rcq_bed999f6,True
rca_f9a1726f,artist,False,Pray TV,qr/pray-tv.png,qr/pray-tv.svg,https://deep-cuts.andrewharris501.workers.dev/record-company/q/rcq_09489b9e,True
rca_85b9306e,artist,False,Remora,qr/remora.png,qr/remora.svg,https://deep-cuts.andrewharris501.workers.dev/record-company/q/rcq_f018f210,True
rca_e8248e08,artist,False,Seven Stories,qr/seven-stories.png,qr/seven-stories.svg,https://deep-cuts.andrewharris501.workers.dev/record-company/q/rcq_1975d8ec,True
rca_7ad59425,artist,False,Shock Poets,qr/shock-poets.png,qr/shock-poets.svg,https://deep-cuts.andrewharris501.workers.dev/record-company/q/rcq_6108d7df,True
rca_aefa3291,artist,False,SideShow Annie,qr/sideshow-annie.png,qr/sideshow-annie.svg,https://deep-cuts.andrewharris501.workers.dev/record-company/q/rcq_b47dcd70,True
rca_afdd6efa,artist,False,Southbound Snake Charmers,qr/southbound-snake-charmers.png,qr/southbound-snake-charmers.svg,https://deep-cuts.andrewharris501.workers.dev/record-company/q/rcq_0feade57,True
rca_0443ced3,artist,False,Spencer P. Jones,qr/spencer-p--jones.png,qr/spencer-p--jones.svg,https://deep-cuts.andrewharris501.workers.dev/record-company/q/rcq_534c5b24,True
rca_6536cd57,artist,False,Stu Thomas,qr/stu-thomas.png,qr/stu-thomas.svg,https://deep-cuts.andrewharris501.workers.dev/record-company/q/rcq_fee9122f,True
rca_b30b5e42,artist,False,The 31st,qr/the-31st.png,qr/the-31st.svg,https://deep-cuts.andrewharris501.workers.dev/record-company/q/rcq_8589b049,True
rca_82d9ac4a,artist,False,The Mark of Cain,qr/the-mark-of-cain.png,qr/the-mark-of-cain.svg,https://deep-cuts.andrewharris501.workers.dev/record-company/q/rcq_7b434be6,True
rca_d57ce9c9,artist,False,The Rockwells / Rockwell T James,qr/the-rockwells---rockwell-t-james.png,qr/the-rockwells---rockwell-t-james.svg,https://deep-cuts.andrewharris501.workers.dev/record-company/q/rcq_64fd4a0b,True
rca_a6d02f89,artist,False,Toys Went Berserk,qr/toys-went-berserk.png,qr/toys-went-berserk.svg,https://deep-cuts.andrewharris501.workers.dev/record-company/q/rcq_a17ffadc,True
rca_843fc7f6,artist,False,Uppercut,qr/uppercut.png,qr/uppercut.svg,https://deep-cuts.andrewharris501.workers.dev/record-company/q/rcq_190fc03b,True
rca_1e86f0e4,artist,False,Ups and Downs,qr/ups-and-downs.png,qr/ups-and-downs.svg,https://deep-cuts.andrewharris501.workers.dev/record-company/q/rcq_04de5147,True
rca_09ede191,artist,False,Virgin Soldiers,qr/virgin-soldiers.png,qr/virgin-soldiers.svg,https://deep-cuts.andrewharris501.workers.dev/record-company/q/rcq_3635e9ea,True
rca_7c9e721a,artist,False,Zimmerman,qr/zimmerman.png,qr/zimmerman.svg,https://deep-cuts.andrewharris501.workers.dev/record-company/q/rcq_86742983,True
rca_5b2a35d7,artist,False,Zorros,qr/zorros.png,qr/zorros.svg,https://deep-cuts.andrewharris501.workers.dev/record-company/q/rcq_520328bf,True
